"__v",_id,accountName,avatar,bankNumber,department,education,gender,graduatedSchool,hometown,idNumber,identity,level,marriage,mobile,onboardingTime,password,salary,userName
0,6133444bed216929c17c02a0,admin,,63170525987771222,61407d52ad97ee0489ac00be,1,1,斯坦福大学,,211302198311112819,1,000000000000000000000000,1,13552752517,2003-09-04T02:44:48.476Z,$2a$10$r3wOD57apiXAEf2WxNWyfuyderRKzy1avm1zLlT5Jrr0rTzQpp2uK,10000,管理员
0,6133797284776a5a43570c02,job123,,63170525987771222,61407d52ad97ee0489ac00be,2,1,斯坦福大学,,211302198305112819,0,6139c67bad9abd1a6dd60e82,1,13552752517,2018-09-04T02:44:48.476Z,$2a$10$PzjdknBzVODEuln3ioMEAehJvfebH5xGX3srhdy49NCLycZc1eBnu,10000,马云
0,613466e969d8a08ea0eed930,lujialiang,,63170525987771222,000000000000000000000000,2,1,清华大学,,211302198305112819,0,000000000000000000000000,0,13552752517,2017-09-04T02:44:48.476Z,$2a$10$OeE/sIarl/NeEt8NygZsNuzYbrrP/xBGYAh3xo1byDg8aPeSx4l8K,10000,路嘉良
0,6135ca6f53cc9c08d08c5461,ben,,63170525987771222,61407d52ad97ee0489ac00be,2,0,清华大学,,211302199905112819,0,6139c67bad9abd1a6dd60e82,1,13552752517,2021-09-04T02:44:48.476Z,$2a$10$4K.wyCPSbcJpLs5iU69GSukhLUAUiQSPmuOf6v4x5ZCSIzopKeYiW,10000,韩非子
0,6135d3084adb8f10159468e3,demo,,63170525987771222,6141957d628790501b784ad5,2,0,清华大学,,211302201005112819,0,6139c67bad9abd1a6dd60e82,1,13552752517,2021-09-04T02:44:48.476Z,$2a$10$dztl1tAdalkfjiKT0OVXmezJgvqcJg7egujjsvzeS4TqYnm.WnIWi,10000,韩非子1
0,6135d90224b2ad14d3163220,demo,,63170525987771222,61867203de5f4fedfd3c577e,3,1,清华大学,,211302199505112819,0,6139751873b76ede854025a6,1,13552752517,2021-09-04T02:44:48.476Z,$2a$10$XADa1FjoZGL7QncSdyDAVeLvoBXyKyEvagZ4cOtGVLQEEBR81/4sG,10000,章三
0,6135d92724b2ad14d3163222,demo,,63170525987771222,000000000000000000000000,3,1,清华大学,,211302199305112819,0,000000000000000000000000,0,13552752517,2021-09-04T02:44:48.476Z,$2a$10$.rlzrWWpBmjxEjoejIGjnu08Br16/8NeAYeKJU.Q6sevFEqYOp5Y2,10000,王麻子
0,6135d94124b2ad14d3163224,demo,,63170525987771222,6141c5dd0c9ccc3480c2034f,3,1,清华大学,,211302199305112819,0,000000000000000000000000,1,13552752517,2021-09-04T02:44:48.476Z,$2a$10$aedYtzHgSDFK.Q/.qHZg8uctc24MYSNLQojTPgLeRWbEegKCWikcy,10000,小淘气
0,6135dc54aa963b18c3262e19,xiaohuaidan,,63170525987771222,6136dad93b12395b0479dc06,3,1,清华大学,,211302199305112819,0,613975d473b76ede854025ae,1,13552752517,2002-09-04T02:44:48.476Z,$2a$10$7qTg3Gr2Xf4KU6.hL7U8su7iZftBOUy8dfjDlC.sxJV3eg11YD/ga,10000,小坏蛋
0,6136cb2289721e4e19bc2336,xiaoming,,63170525987771222,000000000000000000000000,3,1,清华大学,,211302199205112819,0,6139761c7a20aedf77b8361f,1,13552752517,2021-09-04T02:44:48.476Z,$2a$10$M3MTIZPexT4YH69Bl.bBI.GKTRYR/C33EBd97AtgyWJLuLa7qmWcm,10000,小明
0,6136cbfe233f684ec3d87081,demo,,63170525987771222,000000000000000000000000,3,1,清华大学,,211302198205112819,0,000000000000000000000000,0,13552752517,2021-09-04T02:44:48.476Z,$2a$10$RB4fJyef5ijGud949Dub6.iD5fsO6a9vGXE0fFlhskWPYHY7j3Zq2,10000,小花
0,6136cfc4a8b0f852540e8649,demo,,63170525987771222,616ab4618f37a86b049b362c,3,0,清华大学,,211302199905112819,0,000000000000000000000000,1,13552752517,2021-09-04T02:44:48.476Z,$2a$10$le3VMWMAxwaba3brnm5lQeQjPXvrTZYq9NJewo2qgN1Ru1sKX5aF.,10000,小真真
0,6136d023a8b0f852540e864d,xiaokeai,https://reactoa.hyfarsight.com/FhR_8FTRdRm0BDBz8uNZs9XN0wZX,63170525987771222,000000000000000000000000,3,0,清华大学,,211302198905112819,0,6139751873b76ede854025a6,1,13552752517,2021-09-04T02:44:48.476Z,$2a$10$YEQzmIAiiHYivKQR8MJp5OS46t/sg49KZ7xvQGkKDYwfL5YZhx2Z6,10000,小可爱
0,6136d09c9118d95311ab5f93,liujialiang,https://reactoa.hyfarsight.com/Fqzf_F7KX0PtJT0OLqpzGzcw4C2G,63170525987771222,000000000000000000000000,3,1,清华大学,,211302197905112819,0,6139751873b76ede854025a6,1,13552752517,2021-09-04T02:44:48.476Z,$2a$10$3u/IB/GpEUwnEgKH7Sgl0O2KT7e1sM/53619QzOge82ey2TZmPRPW,10000,刘家良
0,6136d0c9cfcbda53460e7c53,zhouhuajian,https://reactoa.hyfarsight.com/FgrFy1bim4KqYgmRQdeQkKsbQ6Or,63170525987771222,616ab38e8f37a86b049b35fc,1,0,清华大学,,211302196905112819,0,6139751873b76ede854025a6,0,13552752513,2021-09-28T00:00:00.000Z,$2a$10$pxH15iISLCbgFcCog2R8WuE4gN.i2LpDSr2.OFXOgIsMCpkOckI1u,10000,周华健111
0,616bc732387c414b1892567c,7,https://reactoa.hyfarsight.com/Fm37xUEkBiuiZ7xT-gE4mGpDB5bJ,7,616d427f073de5a6c06384bf,1,0,7,7,211302196905112819,0,613975be73b76ede854025aa,0,7,2021-10-20T06:48:14.751Z,$2a$10$w7EFmfEL/H4iMRqPWFs.cuRxBjiTEJdax5OSkrRqWWejLFH8YaUDO,7,7
0,616c15d2e09195d7584be11a,123,https://reactoa.hyfarsight.com/Fi49jkEtay2jaHzbIZreQ_OCDMz6,12312312312,618671a7de5f4fedfd3c56f9,1,1,123123,123123,211302196905112819,0,613975d473b76ede854025ae,1,123123,2021-09-30T12:22:30.709Z,$2a$10$.0yJeYM51/VA0CzdWlQSA.XTwhLdBe3EAmw9X1lWVpivc6SC0towm,123123,张三丰
0,6174168064b8033f102961ef,xiaoming1,https://reactoa.hyfarsight.com/Fo2GA0iN6CAQPLLMARb9dHCDr7V-,123456789123456789,616d427f073de5a6c06384bf,1,1,天津大学,北京市朝阳区,211302198305112819,0,6139751873b76ede854025a6,0,13552752517,2021-10-22T14:04:35.385Z,$2a$10$cpNpvugaEJ9K1jOWd0KsU.2Q/2548pDjPFCnLOTXKdrLVp8LAiC1e,4000,小明
0,617425489ed3a283ece3fa0e,xiaoming,https://reactoa.hyfarsight.com/FtOBkbIYWNYb64i8-TN5PaOJn_e3,123456789123456789,616d427f073de5a6c06384bf,1,1,天津大学,北京市朝阳区,211302198305112819,0,6139751873b76ede854025a6,0,13552752517,2021-10-07T15:07:35.764Z,$2a$10$V8cKGy9eTOXoSvpe.sZekeR46ULvB2IqroV1Ppz5GGLlSBPTuBTGK,4000,黄盖
0,6174bae12791a432ec4363d8,xiaoliang,https://reactoa.hyfarsight.com/FoRhNkaAo_C9eGq7U_JcB_h7V05u,123456789123456789,616d427f073de5a6c06384bf,1,1,天津大学,北京市朝阳区,211302198305112810,0,6175cc5771891735942086f5,0,13999192299,2021-10-14T01:46:06.682Z,$2a$10$t4vgTSk4o4z47DhnrL.LhOE4xqO2QRLbst5eLVdmTE3z.01fTRs3q,4000,小亮
0,6174bb452791a432ec4363ec,xiaohu,https://reactoa.hyfarsight.com/FhLLsKlTuEdNXPBkMRyZel8Ijgf3,123456789123456789,000000000000000000000000,1,1,天津大学,北京市朝阳区,211302198305112819,0,6175cb37337302094059af92,0,13552752517,2021-10-08T01:47:37.620Z,$2a$10$spRbTLJ3OzO3HrBUm4iF8eiyvmBYGgFySW0vGHgKziF6v3jX7uN3e,4000,小虎
0,6174bbe72791a432ec43640f,xiaojun,https://reactoa.hyfarsight.com/FkxMxO9yTTaKhXo80QtPpTYqi_k6,123456789123456789,000000000000000000000000,1,1,天津大学,北京市朝阳区,211302198305112819,0,6175ccb27dac8aa440b81c36,0,13552752517,2021-10-29T01:50:08.888Z,$2a$10$tGc76TbH9NwX8qwlybFxOeq6uc1VQCWtY5lwTmcEP8OWflG0ftd3i,4000,周瑜
0,6174bcfc2791a432ec436431,zhangxiaolong,https://reactoa.hyfarsight.com/FhLLsKlTuEdNXPBkMRyZel8Ijgf3,123456789123456789,61867106de5f4fedfd3c5610,1,1,东北大学,北京市朝阳区,211302195405112819,0,6175cb37337302094059af92,0,13552752512,2021-10-29T01:54:51.333Z,$2a$10$M7NpP9jJdmbhUv6FwgEdouPeaVARpZBsJxRmN7kiKHDWc/wi98Kfi,4000,张小龙
0,617661370a362d7d382a21b7,xiaoming1,https://reactoa.hyfarsight.com/Fo2GA0iN6CAQPLLMARb9dHCDr7V-,123456789123456789,6186712fde5f4fedfd3c5633,1,0,天津大学,北京市朝阳区,211302198305112819,0,6175ce0858ebe778d4a6896c,0,13552752519,2021-10-03T07:48:00.868Z,$2a$10$hRpzPpM42/I9dOvd/g18J.DEyhRL2gKmONtHPnK8kZAonBY24Y/H2,4000,小明
